{
  "years": {
    "2025": [
      {
        "payroll_week": 1,
        "start": "2024-12-30",
        "end": "2025-01-05",
        "iso_year": 2025,
        "iso_week": 1
      },
      {
        "payroll_week": 2,
        "start": "2025-01-06",
        "end": "2025-01-12",
        "iso_year": 2025,
        "iso_week": 2
      },
      {
        "payroll_week": 3,
        "start": "2025-01-13",
        "end": "2025-01-19",
        "iso_year": 2025,
        "iso_week": 3
      },
      {
        "payroll_week": 4,
        "start": "2025-01-20",
        "end": "2025-01-26",
        "iso_year": 2025,
        "iso_week": 4
      },
      {
        "payroll_week": 5,
        "start": "2025-01-27",
        "end": "2025-02-02",
        "iso_year": 2025,
        "iso_week": 5
      },
      {
        "payroll_week": 6,
        "start": "2025-02-03",
        "end": "2025-02-09",
        "iso_year": 2025,
        "iso_week": 6
      },
      {
        "payroll_week": 7,
        "start": "2025-02-10",
        "end": "2025-02-16",
        "iso_year": 2025,
        "iso_week": 7
      },
      {
        "payroll_week": 8,
        "start": "2025-02-17",
        "end": "2025-02-23",
        "iso_year": 2025,
        "iso_week": 8
      },
      {
        "payroll_week": 9,
        "start": "2025-02-24",
        "end": "2025-03-02",
        "iso_year": 2025,
        "iso_week": 9
      },
      {
        "payroll_week": 10,
        "start": "2025-03-03",
        "end": "2025-03-09",
        "iso_year": 2025,
        "iso_week": 10
      },
      {
        "payroll_week": 11,
        "start": "2025-03-10",
        "end": "2025-03-16",
        "iso_year": 2025,
        "iso_week": 11
      },
      {
        "payroll_week": 12,
        "start": "2025-03-17",
        "end": "2025-03-23",
        "iso_year": 2025,
        "iso_week": 12
      },
      {
        "payroll_week": 13,
        "start": "2025-03-24",
        "end": "2025-03-30",
        "iso_year": 2025,
        "iso_week": 13
      },
      {
        "payroll_week": 14,
        "start": "2025-03-31",
        "end": "2025-04-06",
        "iso_year": 2025,
        "iso_week": 14
      },
      {
        "payroll_week": 15,
        "start": "2025-04-07",
        "end": "2025-04-13",
        "iso_year": 2025,
        "iso_week": 15
      },
      {
        "payroll_week": 16,
        "start": "2025-04-14",
        "end": "2025-04-20",
        "iso_year": 2025,
        "iso_week": 16
      },
      {
        "payroll_week": 17,
        "start": "2025-04-21",
        "end": "2025-04-27",
        "iso_year": 2025,
        "iso_week": 17
      },
      {
        "payroll_week": 18,
        "start": "2025-04-28",
        "end": "2025-05-04",
        "iso_year": 2025,
        "iso_week": 18
      },
      {
        "payroll_week": 19,
        "start": "2025-05-05",
        "end": "2025-05-11",
        "iso_year": 2025,
        "iso_week": 19
      },
      {
        "payroll_week": 20,
        "start": "2025-05-12",
        "end": "2025-05-18",
        "iso_year": 2025,
        "iso_week": 20
      },
      {
        "payroll_week": 21,
        "start": "2025-05-19",
        "end": "2025-05-25",
        "iso_year": 2025,
        "iso_week": 21
      },
      {
        "payroll_week": 22,
        "start": "2025-05-26",
        "end": "2025-06-01",
        "iso_year": 2025,
        "iso_week": 22
      },
      {
        "payroll_week": 23,
        "start": "2025-06-02",
        "end": "2025-06-08",
        "iso_year": 2025,
        "iso_week": 23
      },
      {
        "payroll_week": 24,
        "start": "2025-06-09",
        "end": "2025-06-15",
        "iso_year": 2025,
        "iso_week": 24
      },
      {
        "payroll_week": 25,
        "start": "2025-06-16",
        "end": "2025-06-22",
        "iso_year": 2025,
        "iso_week": 25
      },
      {
        "payroll_week": 26,
        "start": "2025-06-23",
        "end": "2025-06-29",
        "iso_year": 2025,
        "iso_week": 26
      },
      {
        "payroll_week": 27,
        "start": "2025-06-30",
        "end": "2025-07-06",
        "iso_year": 2025,
        "iso_week": 27
      },
      {
        "payroll_week": 28,
        "start": "2025-07-07",
        "end": "2025-07-13",
        "iso_year": 2025,
        "iso_week": 28
      },
      {
        "payroll_week": 29,
        "start": "2025-07-14",
        "end": "2025-07-20",
        "iso_year": 2025,
        "iso_week": 29
      },
      {
        "payroll_week": 30,
        "start": "2025-07-21",
        "end": "2025-07-27",
        "iso_year": 2025,
        "iso_week": 30
      },
      {
        "payroll_week": 31,
        "start": "2025-07-28",
        "end": "2025-08-03",
        "iso_year": 2025,
        "iso_week": 31
      },
      {
        "payroll_week": 32,
        "start": "2025-08-04",
        "end": "2025-08-10",
        "iso_year": 2025,
        "iso_week": 32
      },
      {
        "payroll_week": 33,
        "start": "2025-08-11",
        "end": "2025-08-17",
        "iso_year": 2025,
        "iso_week": 33
      },
      {
        "payroll_week": 34,
        "start": "2025-08-18",
        "end": "2025-08-24",
        "iso_year": 2025,
        "iso_week": 34
      },
      {
        "payroll_week": 35,
        "start": "2025-08-25",
        "end": "2025-08-31",
        "iso_year": 2025,
        "iso_week": 35
      },
      {
        "payroll_week": 36,
        "start": "2025-09-01",
        "end": "2025-09-07",
        "iso_year": 2025,
        "iso_week": 36
      },
      {
        "payroll_week": 37,
        "start": "2025-09-08",
        "end": "2025-09-14",
        "iso_year": 2025,
        "iso_week": 37
      },
      {
        "payroll_week": 38,
        "start": "2025-09-15",
        "end": "2025-09-21",
        "iso_year": 2025,
        "iso_week": 38
      },
      {
        "payroll_week": 39,
        "start": "2025-09-22",
        "end": "2025-09-28",
        "iso_year": 2025,
        "iso_week": 39
      },
      {
        "payroll_week": 40,
        "start": "2025-09-29",
        "end": "2025-10-05",
        "iso_year": 2025,
        "iso_week": 40
      },
      {
        "payroll_week": 41,
        "start": "2025-10-06",
        "end": "2025-10-12",
        "iso_year": 2025,
        "iso_week": 41
      },
      {
        "payroll_week": 42,
        "start": "2025-10-13",
        "end": "2025-10-19",
        "iso_year": 2025,
        "iso_week": 42
      },
      {
        "payroll_week": 43,
        "start": "2025-10-20",
        "end": "2025-10-26",
        "iso_year": 2025,
        "iso_week": 43
      },
      {
        "payroll_week": 44,
        "start": "2025-10-27",
        "end": "2025-11-02",
        "iso_year": 2025,
        "iso_week": 44
      },
      {
        "payroll_week": 45,
        "start": "2025-11-03",
        "end": "2025-11-09",
        "iso_year": 2025,
        "iso_week": 45
      },
      {
        "payroll_week": 46,
        "start": "2025-11-10",
        "end": "2025-11-16",
        "iso_year": 2025,
        "iso_week": 46
      },
      {
        "payroll_week": 47,
        "start": "2025-11-17",
        "end": "2025-11-23",
        "iso_year": 2025,
        "iso_week": 47
      },
      {
        "payroll_week": 48,
        "start": "2025-11-24",
        "end": "2025-11-30",
        "iso_year": 2025,
        "iso_week": 48
      },
      {
        "payroll_week": 49,
        "start": "2025-12-01",
        "end": "2025-12-07",
        "iso_year": 2025,
        "iso_week": 49
      },
      {
        "payroll_week": 50,
        "start": "2025-12-08",
        "end": "2025-12-14",
        "iso_year": 2025,
        "iso_week": 50
      },
      {
        "payroll_week": 51,
        "start": "2025-12-15",
        "end": "2025-12-21",
        "iso_year": 2025,
        "iso_week": 51
      },
      {
        "payroll_week": 52,
        "start": "2025-12-22",
        "end": "2025-12-28",
        "iso_year": 2025,
        "iso_week": 52
      },
      {
        "payroll_week": 53,
        "start": "2025-12-29",
        "end": "2026-01-04",
        "iso_year": 2026,
        "iso_week": 1
      }
    ],
    "2026": [
      {
        "payroll_week": 1,
        "start": "2026-01-05",
        "end": "2026-01-11",
        "iso_year": 2026,
        "iso_week": 2
      },
      {
        "payroll_week": 2,
        "start": "2026-01-12",
        "end": "2026-01-18",
        "iso_year": 2026,
        "iso_week": 3
      },
      {
        "payroll_week": 3,
        "start": "2026-01-19",
        "end": "2026-01-25",
        "iso_year": 2026,
        "iso_week": 4
      },
      {
        "payroll_week": 4,
        "start": "2026-01-26",
        "end": "2026-02-01",
        "iso_year": 2026,
        "iso_week": 5
      },
      {
        "payroll_week": 5,
        "start": "2026-02-02",
        "end": "2026-02-08",
        "iso_year": 2026,
        "iso_week": 6
      },
      {
        "payroll_week": 6,
        "start": "2026-02-09",
        "end": "2026-02-15",
        "iso_year": 2026,
        "iso_week": 7
      },
      {
        "payroll_week": 7,
        "start": "2026-02-16",
        "end": "2026-02-22",
        "iso_year": 2026,
        "iso_week": 8
      },
      {
        "payroll_week": 8,
        "start": "2026-02-23",
        "end": "2026-03-01",
        "iso_year": 2026,
        "iso_week": 9
      },
      {
        "payroll_week": 9,
        "start": "2026-03-02",
        "end": "2026-03-08",
        "iso_year": 2026,
        "iso_week": 10
      },
      {
        "payroll_week": 10,
        "start": "2026-03-09",
        "end": "2026-03-15",
        "iso_year": 2026,
        "iso_week": 11
      },
      {
        "payroll_week": 11,
        "start": "2026-03-16",
        "end": "2026-03-22",
        "iso_year": 2026,
        "iso_week": 12
      },
      {
        "payroll_week": 12,
        "start": "2026-03-23",
        "end": "2026-03-29",
        "iso_year": 2026,
        "iso_week": 13
      },
      {
        "payroll_week": 13,
        "start": "2026-03-30",
        "end": "2026-04-05",
        "iso_year": 2026,
        "iso_week": 14
      },
      {
        "payroll_week": 14,
        "start": "2026-04-06",
        "end": "2026-04-12",
        "iso_year": 2026,
        "iso_week": 15
      },
      {
        "payroll_week": 15,
        "start": "2026-04-13",
        "end": "2026-04-19",
        "iso_year": 2026,
        "iso_week": 16
      },
      {
        "payroll_week": 16,
        "start": "2026-04-20",
        "end": "2026-04-26",
        "iso_year": 2026,
        "iso_week": 17
      },
      {
        "payroll_week": 17,
        "start": "2026-04-27",
        "end": "2026-05-03",
        "iso_year": 2026,
        "iso_week": 18
      },
      {
        "payroll_week": 18,
        "start": "2026-05-04",
        "end": "2026-05-10",
        "iso_year": 2026,
        "iso_week": 19
      },
      {
        "payroll_week": 19,
        "start": "2026-05-11",
        "end": "2026-05-17",
        "iso_year": 2026,
        "iso_week": 20
      },
      {
        "payroll_week": 20,
        "start": "2026-05-18",
        "end": "2026-05-24",
        "iso_year": 2026,
        "iso_week": 21
      },
      {
        "payroll_week": 21,
        "start": "2026-05-25",
        "end": "2026-05-31",
        "iso_year": 2026,
        "iso_week": 22
      },
      {
        "payroll_week": 22,
        "start": "2026-06-01",
        "end": "2026-06-07",
        "iso_year": 2026,
        "iso_week": 23
      },
      {
        "payroll_week": 23,
        "start": "2026-06-08",
        "end": "2026-06-14",
        "iso_year": 2026,
        "iso_week": 24
      },
      {
        "payroll_week": 24,
        "start": "2026-06-15",
        "end": "2026-06-21",
        "iso_year": 2026,
        "iso_week": 25
      },
      {
        "payroll_week": 25,
        "start": "2026-06-22",
        "end": "2026-06-28",
        "iso_year": 2026,
        "iso_week": 26
      },
      {
        "payroll_week": 26,
        "start": "2026-06-29",
        "end": "2026-07-05",
        "iso_year": 2026,
        "iso_week": 27
      },
      {
        "payroll_week": 27,
        "start": "2026-07-06",
        "end": "2026-07-12",
        "iso_year": 2026,
        "iso_week": 28
      },
      {
        "payroll_week": 28,
        "start": "2026-07-13",
        "end": "2026-07-19",
        "iso_year": 2026,
        "iso_week": 29
      },
      {
        "payroll_week": 29,
        "start": "2026-07-20",
        "end": "2026-07-26",
        "iso_year": 2026,
        "iso_week": 30
      },
      {
        "payroll_week": 30,
        "start": "2026-07-27",
        "end": "2026-08-02",
        "iso_year": 2026,
        "iso_week": 31
      },
      {
        "payroll_week": 31,
        "start": "2026-08-03",
        "end": "2026-08-09",
        "iso_year": 2026,
        "iso_week": 32
      },
      {
        "payroll_week": 32,
        "start": "2026-08-10",
        "end": "2026-08-16",
        "iso_year": 2026,
        "iso_week": 33
      },
      {
        "payroll_week": 33,
        "start": "2026-08-17",
        "end": "2026-08-23",
        "iso_year": 2026,
        "iso_week": 34
      },
      {
        "payroll_week": 34,
        "start": "2026-08-24",
        "end": "2026-08-30",
        "iso_year": 2026,
        "iso_week": 35
      },
      {
        "payroll_week": 35,
        "start": "2026-08-31",
        "end": "2026-09-06",
        "iso_year": 2026,
        "iso_week": 36
      },
      {
        "payroll_week": 36,
        "start": "2026-09-07",
        "end": "2026-09-13",
        "iso_year": 2026,
        "iso_week": 37
      },
      {
        "payroll_week": 37,
        "start": "2026-09-14",
        "end": "2026-09-20",
        "iso_year": 2026,
        "iso_week": 38
      },
      {
        "payroll_week": 38,
        "start": "2026-09-21",
        "end": "2026-09-27",
        "iso_year": 2026,
        "iso_week": 39
      },
      {
        "payroll_week": 39,
        "start": "2026-09-28",
        "end": "2026-10-04",
        "iso_year": 2026,
        "iso_week": 40
      },
      {
        "payroll_week": 40,
        "start": "2026-10-05",
        "end": "2026-10-11",
        "iso_year": 2026,
        "iso_week": 41
      },
      {
        "payroll_week": 41,
        "start": "2026-10-12",
        "end": "2026-10-18",
        "iso_year": 2026,
        "iso_week": 42
      },
      {
        "payroll_week": 42,
        "start": "2026-10-19",
        "end": "2026-10-25",
        "iso_year": 2026,
        "iso_week": 43
      },
      {
        "payroll_week": 43,
        "start": "2026-10-26",
        "end": "2026-11-01",
        "iso_year": 2026,
        "iso_week": 44
      },
      {
        "payroll_week": 44,
        "start": "2026-11-02",
        "end": "2026-11-08",
        "iso_year": 2026,
        "iso_week": 45
      },
      {
        "payroll_week": 45,
        "start": "2026-11-09",
        "end": "2026-11-15",
        "iso_year": 2026,
        "iso_week": 46
      },
      {
        "payroll_week": 46,
        "start": "2026-11-16",
        "end": "2026-11-22",
        "iso_year": 2026,
        "iso_week": 47
      },
      {
        "payroll_week": 47,
        "start": "2026-11-23",
        "end": "2026-11-29",
        "iso_year": 2026,
        "iso_week": 48
      },
      {
        "payroll_week": 48,
        "start": "2026-11-30",
        "end": "2026-12-06",
        "iso_year": 2026,
        "iso_week": 49
      },
      {
        "payroll_week": 49,
        "start": "2026-12-07",
        "end": "2026-12-13",
        "iso_year": 2026,
        "iso_week": 50
      },
      {
        "payroll_week": 50,
        "start": "2026-12-14",
        "end": "2026-12-20",
        "iso_year": 2026,
        "iso_week": 51
      },
      {
        "payroll_week": 51,
        "start": "2026-12-21",
        "end": "2026-12-27",
        "iso_year": 2026,
        "iso_week": 52
      },
      {
        "payroll_week": 52,
        "start": "2026-12-28",
        "end": "2027-01-03",
        "iso_year": 2026,
        "iso_week": 53
      }
    ]
  }
}