{
  "roles": {
    "admin": {
      "managerchc": {
        "departments": ["Todos"]
      },
      "adminrh": {
        "departments": ["Todos"]
      },
      "managerrh": {
        "departments": ["Todos"]
      },
      "vacacionesrh": {
        "departments": ["Todos"]
      }
    },
    "user": {
      "adminMQ": {
        "departments": ["Todos"]
      },
      "adminnomina": {
        "departments": ["Todos"]
      },
      "eyeconsultor": {
        "departments": [
          "EYE ADMINISTRACION",
          "EYE TORTILLAS",
          "EYE QUESOS FRESCOS",
          "EYE CONVERSION 1ER TURNO",
          "EYE CONVERSION 2DO TURNO",
          "EYE CONTROL PRODUCCION"
        ]
      }
    },
    "manager": {
      "managerSI": {
        "departments": ["SISTEMAS", "CEDIS"]
      },
      "managerEYE": {
        "departments": ["Solo departamentos que empiezan con EYE"]
      },
      "jefefinanzas": {
        "departments": ["PANADERIA", "MANTENIMIENTO", "EMPAQUE GRANOS"]
      },
      "jefecedis": {
        "departments": ["CEDIS"]
      },
      "manageratn": {
        "departments": ["ATENCION A NEGOCIOS"]
      },
      "userSI": {
        "departments": ["Todos"]
      },
      "supervision1": {
        "departments": [
          "MERCADO DE ABASTOS",
          "AV DE LA LUZ",
          "CARRILLO",
          "CERRITO COLORADO",
          "CERRITO COLORADO II",
          "CERRITO COLORADO III",
          "EL SOL",
          "GEO PLAZAS",
          "INSURGENTES",
          "LOMA BONITA",
          "PLAZAS DEL SOL",
          "PLAZA VERONA",
          "PUERTA NAVARRA",
          "SAN JUAN DE LETRAN",
          "SAUCES",
          "SAUCES II",
          "SATELITE",
          "SATELITE II",
          "SONTERRA",
          "SUPERVISION 2",
          "TINTERO",
          "TINTERO II",
          "VIÑEDOS"
        ]
      },

      "supervision2": {
        "departments": [
          "EL REFUGIO",
          "EL REFUGIO II",
          "HACIENDA LA CRUZ",
          "LA PRADERA I",
          "LA PRADERA II",
          "LA POPULAR",
          "LOS HEROES",
          "LOS HUERTOS",
          "MIRANDA",
          "MENCHACA",
          "NIÑOS HEROES",
          "REAL SOLARE",
          "PLATON",
          "REFUGIO III",
          "RINCONES DEL MARQUES",
          "SUPERVISION 1",
          "VILLAS DEL REFUGIO",
          "ZAKIA",
          "ZIBATA",
          "XENTRIC ZIBATA"
        ]
      },      

      "supervision3": {
        "departments": [
          "ATELIER",
          "CIUDAD DEL SOL",
          "CIUDAD DEL SOL II",
          "JURIQUILLA",
          "JURIQUILLA II",
          "LOARCA",
          "PASEOS DE SAN MIGUEL",
          "PASEOS DEL PEDREGAL",
          "PIE DE LA CUESTA",
          "PIE DE LA CUESTA II",
          "PLAZA BELEN",
          "PLAZA GARIBALDI SMA",
          "PLAZA NACIONES",
          "PLAZA PALMARES",
          "PRIVADA JURIQUILLA",
          "REAL DE LA LOMA",
          "SAN ISIDRO",
          "SAN MIGUEL DE ALLENDE",
          "SAN MIGUEL DE ALLENDE II",
          "SAN MIGUEL DE ALLENDE III",
          "SOMBRERETE",
          "SUPERVISION 3",
          "VALLE DE SANTIAGO",
          "VILLAS DE SANTIAGO"
        ]
      },

      "supervision4": {
        "departments": [
          "ANDADORES",
          "CANDILES",
          "CANDILES II",
          "CANDILES III",
          "COLINAS DEL SOL",
          "EL PUEBLITO",
          "FUENTES DE BALVANERA",
          "LA NEGRETA",
          "LOMAS CALLE 25",
          "LOMAS CALLE 27",
          "LOS OLVERA",
          "PIRAMIDES",
          "PLAZA CANDILES",
          "PRESIDENTES",
          "PROLONGACION PASTEUR",
          "REAL DEL BOSQUE",
          "REFORMA AGRARIA",
          "SANTUARIOS",
          "SUPERVISION 4",
          "TEJEDA",
          "TEJEDA II",
          "VALLE DIAMANTE",
          "VISTA REAL"
        ]
      },

      "supervision5": {
        "departments": [
          "ALCANFORES",
          "AV CIMATARIO",
          "BUROCRATA",
          "CAMPO MILITAR",
          "EL MIRADOR",
          "ENSUEÑO",
          "JACAL",
          "JARDINES DE LA HACIENDA",
          "LA GLORIA",
          "LOMAS DEL MARQUES",
          "MILENIO",
          "MILENIO NO100",
          "PEDRO ESCOBEDO",
          "PEDRO ESCOBEDO II",
          "REAL DE SAN ISIDRO SJR",
          "SAN PABLO",
          "SAN ROQUE",
          "SANTA MARIA MAGDALENA",
          "SUPERVISION 5",
          "TECNOLOGICO",
          "TEQUISQUIAPAN CENTRO"
        ]
      },

      "eyemanager": {
        "departments": ["EYE ADMINISTRACION"]
      },
      "eyetortillas": {
        "departments": ["EYE TORTILLAS"]
      },
      "eyequeso": {
        "departments": ["EYE QUESOS FRESCOS"]
      },
      "eyeturno1": {
        "departments": ["EYE CONVERSION 1ER TURNO"]
      },
      "eyeturno2": {
        "departments": ["EYE CONVERSION 2DO TURNO"]
      },
      "eyecontrol": {
        "departments": ["EYE CONTROL PRODUCCION"]
      }
      
      
    }
  }
}
